test_id,phase,classification
3A-P1-T001,3A,real-device/manual only
3A-P1-T002,3A,real-device/manual only
3A-P1-T003,3A,integration automated
3A-P1-T004,3A,CI fully automated
3A-P1-T005,3A,backend/API/Supabase automated
3A-P1-T006,3A,integration automated
3A-P1-T007,3A,integration automated
3A-P1-T008,3A,backend/API/Supabase automated
3A-P1-T009,3A,backend/API/Supabase automated
3A-P1-T010,3A,integration automated
3A-P1-T011,3A,integration automated
3A-P1-T012,3A,integration automated
3A-P1-T013,3A,integration automated
3A-P1-T014,3A,integration automated
3A-P1-T015,3A,integration automated
3A-P1-T016,3A,integration automated
3A-P1-T017,3A,integration automated
3A-P1-T018,3A,integration automated
3A-P1-T019,3A,integration automated
3A-P1-T020,3A,integration automated
3A-P1-T021,3A,integration automated
3A-P1-T022,3A,integration automated
3A-P1-T023,3A,integration automated
3A-P1-T024,3A,integration automated
3A-P1-T025,3A,backend/API/Supabase automated
3A-P1-T026,3A,integration automated
3A-P1-T027,3A,integration automated
3A-P1-T028,3A,backend/API/Supabase automated
3A-P1-T029,3A,integration automated
3A-P1-T030,3A,integration automated
3A-P1-T031,3A,integration automated
3A-P1-T032,3A,integration automated
3A-P1-T033,3A,backend/API/Supabase automated
3A-P1-T034,3A,backend/API/Supabase automated
3A-P1-T035,3A,backend/API/Supabase automated
3A-P1-T036,3A,integration automated
3A-P1-T037,3A,integration automated
3A-P1-T038,3A,real-device/manual only
3A-P1-T039,3A,integration automated
3A-P1-T040,3A,real-device/manual only
3A-P1-T041,3A,real-device/manual only
3A-P1-T042,3A,real-device/manual only
3A-P1-T043,3A,integration automated
3A-P1-T044,3A,integration automated
3A-P1-T045,3A,integration automated
3A-P1-T046,3A,integration automated
3A-P1-T047,3A,integration automated
3A-P1-T048,3A,integration automated
3A-P1-T049,3A,integration automated
3A-P1-T050,3A,integration automated
3A-P1-T051,3A,integration automated
3A-P1-T052,3A,integration automated
3A-P1-T053,3A,integration automated
3A-P1-T054,3A,integration automated
3A-P1-T055,3A,integration automated
3A-P1-T056,3A,backend/API/Supabase automated
3A-P1-T057,3A,integration automated
3A-P1-T058,3A,integration automated
3A-P1-T059,3A,integration automated
3A-P1-T060,3A,integration automated
3A-P1-T061,3A,integration automated
3A-P1-T062,3A,integration automated
3A-P1-T063,3A,integration automated
3A-P1-T064,3A,integration automated
3A-P1-T065,3A,backend/API/Supabase automated
3A-P1-T066,3A,integration automated
3A-P1-T067,3A,integration automated
3A-P1-T068,3A,integration automated
3A-P1-T069,3A,integration automated
3A-P1-T070,3A,integration automated
3A-P1-T071,3A,integration automated
3A-P1-T072,3A,integration automated
3A-P1-T073,3A,backend/API/Supabase automated
3A-P1-T074,3A,integration automated
3A-P1-T075,3A,backend/API/Supabase automated
3A-P1-T076,3A,integration automated
3A-P1-T077,3A,CI fully automated
3A-P1-T078,3A,real-device/manual only
3A-P1-T079,3A,integration automated
3A-P1-T080,3A,integration automated
3A-P1-T081,3A,integration automated
3A-P1-T082,3A,integration automated
3A-P1-T083,3A,integration automated
3A-P1-T084,3A,backend/API/Supabase automated
3A-P1-T085,3A,integration automated
3A-P1-T086,3A,integration automated
3A-P1-T087,3A,integration automated
3A-P1-T088,3A,integration automated
3A-P1-T089,3A,integration automated
3A-P1-T090,3A,backend/API/Supabase automated
3A-P2-T001,3A,CI fully automated
3A-P2-T002,3A,backend/API/Supabase automated
3A-P2-T003,3A,integration automated
3A-P2-T004,3A,integration automated
3A-P2-T005,3A,backend/API/Supabase automated
3A-P2-T006,3A,integration automated
3A-P2-T007,3A,integration automated
3A-P2-T008,3A,real-device/manual only
3A-P2-T009,3A,backend/API/Supabase automated
3A-P2-T010,3A,backend/API/Supabase automated
3A-P2-T011,3A,backend/API/Supabase automated
3A-P2-T012,3A,CI fully automated
3A-P2-T013,3A,integration automated
3A-P2-T014,3A,backend/API/Supabase automated
3A-P2-T015,3A,backend/API/Supabase automated
3A-P2-T016,3A,backend/API/Supabase automated
3A-P2-T017,3A,backend/API/Supabase automated
3A-P2-T018,3A,integration automated
3A-P2-T019,3A,backend/API/Supabase automated
3A-P2-T020,3A,integration automated
3A-P2-T021,3A,backend/API/Supabase automated
3A-P2-T022,3A,backend/API/Supabase automated
3A-P2-T023,3A,backend/API/Supabase automated
3A-P2-T024,3A,integration automated
3A-P2-T025,3A,integration automated
3A-P2-T026,3A,backend/API/Supabase automated
3A-P2-T027,3A,integration automated
3A-P2-T028,3A,integration automated
3A-P2-T029,3A,integration automated
3A-P2-T030,3A,integration automated
3A-P2-T031,3A,backend/API/Supabase automated
3A-P2-T032,3A,backend/API/Supabase automated
3A-P2-T033,3A,backend/API/Supabase automated
3A-P2-T034,3A,backend/API/Supabase automated
3A-P2-T035,3A,integration automated
3A-P2-T036,3A,integration automated
3A-P2-T037,3A,integration automated
3A-P2-T038,3A,backend/API/Supabase automated
3A-P2-T039,3A,backend/API/Supabase automated
3A-P2-T040,3A,backend/API/Supabase automated
3A-P2-T041,3A,integration automated
3A-P2-T042,3A,backend/API/Supabase automated
3A-P2-T043,3A,integration automated
3A-P2-T044,3A,integration automated
3A-P2-T045,3A,backend/API/Supabase automated
3A-P2-T046,3A,backend/API/Supabase automated
3A-P2-T047,3A,backend/API/Supabase automated
3A-P2-T048,3A,integration automated
3A-P2-T049,3A,backend/API/Supabase automated
3A-P2-T050,3A,backend/API/Supabase automated
3A-P2-T051,3A,backend/API/Supabase automated
3A-P2-T052,3A,backend/API/Supabase automated
3A-P2-T053,3A,integration automated
3A-P2-T054,3A,backend/API/Supabase automated
3A-P2-T055,3A,integration automated
3A-P2-T056,3A,integration automated
3A-P2-T057,3A,integration automated
3A-P2-T058,3A,integration automated
3A-P2-T059,3A,backend/API/Supabase automated
3A-P2-T060,3A,integration automated
3A-P2-T061,3A,integration automated
3A-P2-T062,3A,integration automated
3A-P2-T063,3A,integration automated
3A-P2-T064,3A,backend/API/Supabase automated
3A-P2-T065,3A,backend/API/Supabase automated
3A-P2-T066,3A,integration automated
3A-P2-T067,3A,backend/API/Supabase automated
3A-P2-T068,3A,backend/API/Supabase automated
3A-P2-T069,3A,backend/API/Supabase automated
3A-P2-T070,3A,backend/API/Supabase automated
3A-P2-T071,3A,integration automated
3A-P2-T072,3A,backend/API/Supabase automated
3A-P2-T073,3A,integration automated
3A-P2-T074,3A,backend/API/Supabase automated
3A-P2-T075,3A,integration automated
3A-P2-T076,3A,integration automated
3A-P2-T077,3A,backend/API/Supabase automated
3A-P2-T078,3A,backend/API/Supabase automated
3A-P2-T079,3A,integration automated
3A-P2-T080,3A,integration automated
3A-P2-T081,3A,integration automated
3A-P2-T082,3A,backend/API/Supabase automated
3A-P2-T083,3A,backend/API/Supabase automated
3A-P2-T084,3A,backend/API/Supabase automated
3A-P2-T085,3A,backend/API/Supabase automated
3A-P2-T086,3A,integration automated
3A-P2-T087,3A,integration automated
3A-P2-T088,3A,integration automated
3A-P2-T089,3A,integration automated
3A-P2-T090,3A,backend/API/Supabase automated
3A-P2-T091,3A,integration automated
3A-P2-T092,3A,integration automated
3A-P2-T093,3A,integration automated
3A-P2-T094,3A,integration automated
3A-P2-T095,3A,backend/API/Supabase automated
3A-P2-T096,3A,integration automated
3A-P2-T097,3A,backend/API/Supabase automated
3A-P2-T098,3A,integration automated
3A-P2-T099,3A,integration automated
3A-P2-T100,3A,backend/API/Supabase automated
3A-P2-T101,3A,integration automated
3A-P2-T102,3A,integration automated
3A-P2-T103,3A,integration automated
3A-P2-T104,3A,integration automated
3A-P2-T105,3A,integration automated
3A-P2-T106,3A,integration automated
3A-P2-T107,3A,integration automated
3A-P2-T108,3A,integration automated
3A-P2-T109,3A,integration automated
3A-P2-T110,3A,backend/API/Supabase automated
3A-P2-T111,3A,integration automated
3A-P2-T112,3A,integration automated
3A-P2-T113,3A,integration automated
3A-P2-T114,3A,integration automated
3A-P2-T115,3A,backend/API/Supabase automated
3A-P2-T116,3A,integration automated
3A-P2-T117,3A,backend/API/Supabase automated
3A-P2-T118,3A,integration automated
3A-P2-T119,3A,integration automated
3A-P2-T120,3A,integration automated
3A-P2-T121,3A,backend/API/Supabase automated
3A-P2-T122,3A,integration automated
3A-P2-T123,3A,integration automated
3A-P2-T124,3A,real-device/manual only
3A-P2-T125,3A,integration automated
3A-P2-T126,3A,integration automated
3A-P2-T127,3A,integration automated
3A-P2-T128,3A,integration automated
3A-P2-T129,3A,backend/API/Supabase automated
3A-P2-T130,3A,integration automated
3A-P2-T131,3A,integration automated
3A-P2-T132,3A,backend/API/Supabase automated
3A-P2-T133,3A,integration automated
3A-P2-T134,3A,CI fully automated
3A-P2-T135,3A,backend/API/Supabase automated
3A-P2-T136,3A,integration automated
3A-P2-T137,3A,integration automated
3A-P2-T138,3A,integration automated
3A-P2-T139,3A,backend/API/Supabase automated
3A-P2-T140,3A,backend/API/Supabase automated
3A-P2-T141,3A,integration automated
3A-P2-T142,3A,integration automated
3A-P2-T143,3A,integration automated
3A-P2-T144,3A,integration automated
3A-P2-T145,3A,integration automated
3A-P2-T146,3A,integration automated
3A-P2-T147,3A,backend/API/Supabase automated
3A-P2-T148,3A,integration automated
3A-P2-T149,3A,integration automated
3A-P2-T150,3A,integration automated
3A-P2-T151,3A,backend/API/Supabase automated
3A-P2-T152,3A,CI fully automated
3A-P2-T153,3A,backend/API/Supabase automated
3A-P2-T154,3A,integration automated
3A-P2-T155,3A,integration automated
3A-P2-T156,3A,integration automated
3A-P2-T157,3A,integration automated
3A-P2-T158,3A,integration automated
3A-P2-T159,3A,integration automated
3A-P2-T160,3A,integration automated
3A-P2-T161,3A,integration automated
3A-P2-T162,3A,CI fully automated
3A-P2-T163,3A,integration automated
3A-P2-T164,3A,backend/API/Supabase automated
3A-P2-T165,3A,integration automated
3A-P2-T166,3A,backend/API/Supabase automated
3A-P2-T167,3A,integration automated
3A-P2-T168,3A,integration automated
3A-P2-T169,3A,integration automated
3A-P2-T170,3A,integration automated
3A-P2-T171,3A,backend/API/Supabase automated
3A-P2-T172,3A,integration automated
3A-P2-T173,3A,CI fully automated
3A-P2-T174,3A,integration automated
3A-P2-T175,3A,integration automated
3A-P2-T176,3A,CI fully automated
3A-P2-T177,3A,integration automated
3A-P3-T001,3A,integration automated
3A-P3-T002,3A,backend/API/Supabase automated
3A-P3-T003,3A,backend/API/Supabase automated
3A-P3-T004,3A,backend/API/Supabase automated
3A-P3-T005,3A,integration automated
3A-P3-T006,3A,backend/API/Supabase automated
3A-P3-T007,3A,backend/API/Supabase automated
3A-P3-T008,3A,integration automated
3A-P3-T009,3A,backend/API/Supabase automated
3A-P3-T010,3A,real-device/manual only
3A-P3-T011,3A,backend/API/Supabase automated
3A-P3-T012,3A,backend/API/Supabase automated
3A-P3-T013,3A,backend/API/Supabase automated
3A-P3-T014,3A,backend/API/Supabase automated
3A-P3-T015,3A,integration automated
3A-P3-T016,3A,integration automated
3A-P3-T017,3A,integration automated
3A-P3-T018,3A,integration automated
3A-P3-T019,3A,integration automated
3A-P3-T020,3A,backend/API/Supabase automated
3A-P3-T021,3A,backend/API/Supabase automated
3A-P3-T022,3A,backend/API/Supabase automated
3A-P3-T023,3A,integration automated
3A-P3-T024,3A,integration automated
3A-P3-T025,3A,backend/API/Supabase automated
3A-P3-T026,3A,CI fully automated
3A-P3-T027,3A,backend/API/Supabase automated
3A-P3-T028,3A,backend/API/Supabase automated
3A-P3-T029,3A,backend/API/Supabase automated
3A-P3-T030,3A,backend/API/Supabase automated
3A-P3-T031,3A,backend/API/Supabase automated
3A-P3-T032,3A,backend/API/Supabase automated
3A-P3-T033,3A,backend/API/Supabase automated
3A-P3-T034,3A,backend/API/Supabase automated
3A-P3-T035,3A,backend/API/Supabase automated
3A-P3-T036,3A,backend/API/Supabase automated
3A-P3-T037,3A,backend/API/Supabase automated
3A-P3-T038,3A,integration automated
3A-P3-T039,3A,integration automated
3A-P3-T040,3A,backend/API/Supabase automated
3A-P3-T041,3A,integration automated
3A-P3-T042,3A,backend/API/Supabase automated
3A-P3-T043,3A,backend/API/Supabase automated
3A-P3-T044,3A,backend/API/Supabase automated
3A-P3-T045,3A,integration automated
3A-P3-T046,3A,CI fully automated
3A-P3-T047,3A,backend/API/Supabase automated
3A-P3-T048,3A,backend/API/Supabase automated
3A-P3-T049,3A,integration automated
3A-P3-T050,3A,integration automated
3A-P3-T051,3A,backend/API/Supabase automated
3A-P3-T052,3A,backend/API/Supabase automated
3A-P3-T053,3A,backend/API/Supabase automated
3A-P3-T054,3A,backend/API/Supabase automated
3A-P3-T055,3A,backend/API/Supabase automated
3A-P3-T056,3A,integration automated
3A-P3-T057,3A,backend/API/Supabase automated
3A-P3-T058,3A,integration automated
3A-P3-T059,3A,integration automated
3A-P3-T060,3A,integration automated
3A-P3-T061,3A,backend/API/Supabase automated
3A-P3-T062,3A,integration automated
3A-P3-T063,3A,integration automated
3A-P3-T064,3A,integration automated
3A-P3-T065,3A,integration automated
3A-P3-T066,3A,backend/API/Supabase automated
3A-P3-T067,3A,integration automated
3A-P3-T068,3A,integration automated
3A-P3-T069,3A,integration automated
3A-P3-T070,3A,integration automated
3A-P3-T071,3A,CI fully automated
3A-P3-T072,3A,integration automated
3A-P3-T073,3A,integration automated
3A-P3-T074,3A,integration automated
3A-P3-T075,3A,integration automated
3A-P3-T076,3A,integration automated
3A-P3-T077,3A,integration automated
3A-P3-T078,3A,backend/API/Supabase automated
3A-P3-T079,3A,integration automated
3A-P3-T080,3A,CI fully automated
3A-P3-T081,3A,backend/API/Supabase automated
3A-P3-T082,3A,integration automated
3A-P3-T083,3A,backend/API/Supabase automated
3A-P3-T084,3A,integration automated
3A-P3-T085,3A,backend/API/Supabase automated
3A-P3-T086,3A,integration automated
3A-P3-T087,3A,integration automated
3A-P3-T088,3A,integration automated
3A-P3-T089,3A,backend/API/Supabase automated
3A-P3-T090,3A,backend/API/Supabase automated
3A-P3-T091,3A,backend/API/Supabase automated
3A-P3-T092,3A,CI fully automated
3A-P3-T093,3A,backend/API/Supabase automated
3A-P3-T094,3A,integration automated
3A-P3-T095,3A,integration automated
3A-P3-T096,3A,backend/API/Supabase automated
3A-P3-T097,3A,integration automated
3A-P3-T098,3A,backend/API/Supabase automated
3A-P3-T099,3A,integration automated
3A-P3-T100,3A,backend/API/Supabase automated
3A-P3-T101,3A,integration automated
3A-P3-T102,3A,backend/API/Supabase automated
3A-P3-T103,3A,integration automated
3A-P3-T104,3A,backend/API/Supabase automated
3A-P3-T105,3A,backend/API/Supabase automated
3A-P3-T106,3A,integration automated
3A-P3-T107,3A,backend/API/Supabase automated
3A-P3-T108,3A,backend/API/Supabase automated
3A-P3-T109,3A,integration automated
3A-P3-T110,3A,backend/API/Supabase automated
3A-P3-T111,3A,backend/API/Supabase automated
3A-P3-T112,3A,backend/API/Supabase automated
3A-P3-T113,3A,integration automated
3A-P3-T114,3A,backend/API/Supabase automated
3A-P3-T115,3A,integration automated
3A-P3-T116,3A,backend/API/Supabase automated
3A-P3-T117,3A,backend/API/Supabase automated
3A-P3-T118,3A,backend/API/Supabase automated
3A-P3-T119,3A,backend/API/Supabase automated
3A-P3-T120,3A,backend/API/Supabase automated
3A-P3-T121,3A,backend/API/Supabase automated
3A-P3-T122,3A,backend/API/Supabase automated
3A-P3-T123,3A,backend/API/Supabase automated
3A-P3-T124,3A,backend/API/Supabase automated
3A-P3-T125,3A,backend/API/Supabase automated
3A-P3-T126,3A,backend/API/Supabase automated
3A-P3-T127,3A,backend/API/Supabase automated
3A-P3-T128,3A,CI fully automated
3A-P3-T129,3A,backend/API/Supabase automated
3A-P3-T130,3A,backend/API/Supabase automated
3A-P3-T131,3A,backend/API/Supabase automated
3A-P3-T132,3A,backend/API/Supabase automated
3A-P3-T133,3A,backend/API/Supabase automated
3A-P3-T134,3A,integration automated
3A-P3-T135,3A,integration automated
3A-P3-T136,3A,backend/API/Supabase automated
3A-P3-T137,3A,integration automated
3A-P3-T138,3A,integration automated
3A-P3-T139,3A,integration automated
3A-P3-T140,3A,real-device/manual only
3A-P3-T141,3A,integration automated
3A-P3-T142,3A,backend/API/Supabase automated
3A-P3-T143,3A,integration automated
3A-P3-T144,3A,backend/API/Supabase automated
3A-P3-T145,3A,integration automated
3A-P3-T146,3A,integration automated
3A-P3-T147,3A,integration automated
3A-P3-T148,3A,backend/API/Supabase automated
3A-P3-T149,3A,integration automated
3A-P3-T150,3A,backend/API/Supabase automated
3A-P3-T151,3A,backend/API/Supabase automated
3A-P3-T152,3A,backend/API/Supabase automated
3A-P3-T153,3A,integration automated
3A-P3-T154,3A,integration automated
3A-P3-T155,3A,integration automated
3A-P3-T156,3A,integration automated
3A-P3-T157,3A,integration automated
3A-P3-T158,3A,integration automated
3A-P3-T159,3A,integration automated
3A-P3-T160,3A,integration automated
3A-P3-T161,3A,backend/API/Supabase automated
3A-P3-T162,3A,integration automated
3A-P3-T163,3A,backend/API/Supabase automated
3A-P3-T164,3A,backend/API/Supabase automated
3A-P3-T165,3A,backend/API/Supabase automated
3A-P3-T166,3A,backend/API/Supabase automated
3A-P3-T167,3A,integration automated
3A-P3-T168,3A,backend/API/Supabase automated
3A-P3-T169,3A,backend/API/Supabase automated
3A-P3-T170,3A,integration automated
3A-P3-T171,3A,backend/API/Supabase automated
3A-P3-T172,3A,integration automated
3A-P3-T173,3A,integration automated
3A-P3-T174,3A,integration automated
3A-P3-T175,3A,integration automated
3A-P3-T176,3A,backend/API/Supabase automated
3A-P3-T177,3A,integration automated
3A-P3-T178,3A,backend/API/Supabase automated
3A-P3-T179,3A,backend/API/Supabase automated
3A-P3-T180,3A,integration automated
3A-P3-T181,3A,integration automated
3A-P3-T182,3A,backend/API/Supabase automated
3A-P3-T183,3A,integration automated
3A-P3-T184,3A,backend/API/Supabase automated
3A-P3-T185,3A,integration automated
3A-P3-T186,3A,backend/API/Supabase automated
3A-P3-T187,3A,backend/API/Supabase automated
3A-P3-T188,3A,backend/API/Supabase automated
3A-P3-T189,3A,integration automated
3A-P3-T190,3A,backend/API/Supabase automated
3A-P3-T191,3A,backend/API/Supabase automated
3A-P3-T192,3A,backend/API/Supabase automated
3A-P4-T001,3A,integration automated
3A-P4-T002,3A,CI fully automated
3A-P4-T003,3A,backend/API/Supabase automated
3A-P4-T004,3A,CI fully automated
3A-P4-T005,3A,CI fully automated
3A-P4-T006,3A,CI fully automated
3A-P4-T007,3A,CI fully automated
3A-P4-T008,3A,backend/API/Supabase automated
3A-P4-T009,3A,backend/API/Supabase automated
3A-P4-T010,3A,CI fully automated
3A-P4-T011,3A,CI fully automated
3A-P4-T012,3A,CI fully automated
3A-P4-T013,3A,backend/API/Supabase automated
3A-P4-T014,3A,real-device/manual only
3A-P4-T015,3A,integration automated
3A-P4-T016,3A,integration automated
3A-P4-T017,3A,backend/API/Supabase automated
3A-P4-T018,3A,real-device/manual only
3A-P4-T019,3A,real-device/manual only
3A-P4-T020,3A,backend/API/Supabase automated
3A-P4-T021,3A,backend/API/Supabase automated
3A-P4-T022,3A,backend/API/Supabase automated
3A-P4-T023,3A,backend/API/Supabase automated
3A-P4-T024,3A,CI fully automated
3A-P4-T025,3A,CI fully automated
3A-P4-T026,3A,real-device/manual only
3A-P4-T027,3A,real-device/manual only
3A-P4-T028,3A,real-device/manual only
3A-P4-T029,3A,CI fully automated
3A-P4-T030,3A,integration automated
3A-P4-T031,3A,real-device/manual only
3A-P4-T032,3A,real-device/manual only
3A-P4-T033,3A,real-device/manual only
3A-P4-T034,3A,backend/API/Supabase automated
3A-P4-T035,3A,backend/API/Supabase automated
3A-P4-T036,3A,integration automated
3A-P4-T037,3A,integration automated
3A-P4-T038,3A,integration automated
3A-P4-T039,3A,backend/API/Supabase automated
3A-P4-T040,3A,integration automated
3A-P4-T041,3A,real-device/manual only
3A-P4-T042,3A,integration automated
3A-P4-T043,3A,integration automated
3A-P4-T044,3A,integration automated
3A-P4-T045,3A,integration automated
3A-P4-T046,3A,backend/API/Supabase automated
3A-P4-T047,3A,CI fully automated
3A-P4-T048,3A,real-device/manual only
3A-P4-T049,3A,backend/API/Supabase automated
3A-P4-T050,3A,real-device/manual only
3A-P4-T051,3A,real-device/manual only
3A-P4-T052,3A,real-device/manual only
3A-P4-T053,3A,integration automated
3A-P4-T054,3A,integration automated
3A-P4-T055,3A,integration automated
3A-P4-T056,3A,CI fully automated
3A-P4-T057,3A,integration automated
3A-P4-T058,3A,integration automated
3A-P4-T059,3A,integration automated
3A-P4-T060,3A,real-device/manual only
3A-P4-T061,3A,backend/API/Supabase automated
3A-P4-T062,3A,backend/API/Supabase automated
3A-P4-T063,3A,backend/API/Supabase automated
3A-P4-T064,3A,backend/API/Supabase automated
3A-P4-T065,3A,backend/API/Supabase automated
3A-P4-T066,3A,CI fully automated
3A-P4-T067,3A,CI fully automated
3A-P4-T068,3A,integration automated
3A-P4-T069,3A,backend/API/Supabase automated
3A-P4-T070,3A,backend/API/Supabase automated
3A-P4-T071,3A,backend/API/Supabase automated
3A-P4-T072,3A,backend/API/Supabase automated
3A-P4-T073,3A,integration automated
3A-P4-T074,3A,integration automated
3A-P4-T075,3A,integration automated
3A-P4-T076,3A,backend/API/Supabase automated
3A-P4-T077,3A,CI fully automated
3A-P4-T078,3A,integration automated
3A-P4-T079,3A,CI fully automated
3A-P4-T080,3A,CI fully automated
3A-P4-T081,3A,CI fully automated
3A-P4-T082,3A,integration automated
3A-P4-T083,3A,CI fully automated
3A-P4-T084,3A,backend/API/Supabase automated
3A-P4-T085,3A,integration automated
3A-P4-T086,3A,backend/API/Supabase automated
3A-P4-T087,3A,backend/API/Supabase automated
3A-P4-T088,3A,integration automated
3A-P4-T089,3A,backend/API/Supabase automated
3A-P4-T090,3A,integration automated
3A-P4-T091,3A,backend/API/Supabase automated
3A-P4-T092,3A,integration automated
3A-P4-T093,3A,integration automated
3A-P4-T094,3A,integration automated
3A-P4-T095,3A,integration automated
3A-P4-T096,3A,real-device/manual only
3A-P4-T097,3A,real-device/manual only
3A-P4-T098,3A,real-device/manual only
3A-P4-T099,3A,real-device/manual only
3A-P4-T100,3A,real-device/manual only
3A-P4-T101,3A,real-device/manual only
3A-P4-T102,3A,real-device/manual only
3A-P4-T103,3A,real-device/manual only
3A-P4-T104,3A,integration automated
3A-P4-T105,3A,CI fully automated
3A-P4-T106,3A,real-device/manual only
3A-P4-T107,3A,real-device/manual only
3A-P4-T108,3A,CI fully automated
3A-P4-T109,3A,real-device/manual only
3A-P4-T110,3A,real-device/manual only
3A-P4-T111,3A,CI fully automated
3A-P4-T112,3A,integration automated
3A-P4-T113,3A,integration automated
3A-P4-T114,3A,real-device/manual only
3A-P4-T115,3A,real-device/manual only
3A-P4-T116,3A,real-device/manual only
3A-P4-T117,3A,real-device/manual only
3A-P4-T118,3A,CI fully automated
3A-P4-T119,3A,real-device/manual only
3A-P4-T120,3A,integration automated
3A-P4-T121,3A,evidence-gated final-lock
3A-P4-T122,3A,real-device/manual only
T001,3B,CI fully automated
T002,3B,backend/API/Supabase automated
T003,3B,backend/API/Supabase automated
T004,3B,backend/API/Supabase automated
T005,3B,integration automated
T006,3B,integration automated
T007,3B,backend/API/Supabase automated
T008,3B,real-device/manual only
T009,3B,integration automated
T010,3B,integration automated
T011,3B,integration automated
T012,3B,integration automated
T013,3B,integration automated
T014,3B,backend/API/Supabase automated
T015,3B,integration automated
T016,3B,integration automated
T017,3B,integration automated
T018,3B,integration automated
T019,3B,integration automated
T020,3B,integration automated
T021,3B,integration automated
T022,3B,backend/API/Supabase automated
T023,3B,backend/API/Supabase automated
T024,3B,real-device/manual only
T025,3B,integration automated
T026,3B,integration automated
T027,3B,backend/API/Supabase automated
T028,3B,integration automated
T029,3B,integration automated
T030,3B,integration automated
T031,3B,integration automated
T032,3B,integration automated
T033,3B,integration automated
T034,3B,backend/API/Supabase automated
T035,3B,real-device/manual only
T036,3B,backend/API/Supabase automated
T037,3B,integration automated
T038,3B,integration automated
T039,3B,backend/API/Supabase automated
T040,3B,real-device/manual only
T041,3B,integration automated
T042,3B,integration automated
T043,3B,real-device/manual only
T044,3B,integration automated
T045,3B,integration automated
T046,3B,integration automated
T047,3B,backend/API/Supabase automated
T048,3B,integration automated
T049,3B,integration automated
T050,3B,backend/API/Supabase automated
T051,3B,backend/API/Supabase automated
T052,3B,integration automated
T053,3B,integration automated
T054,3B,integration automated
T055,3B,integration automated
T056,3B,integration automated
T057,3B,backend/API/Supabase automated
T058,3B,backend/API/Supabase automated
T059,3B,integration automated
T060,3B,backend/API/Supabase automated
T061,3B,backend/API/Supabase automated
T062,3B,integration automated
T063,3B,integration automated
T064,3B,integration automated
T065,3B,integration automated
T066,3B,integration automated
T067,3B,backend/API/Supabase automated
T068,3B,backend/API/Supabase automated
T069,3B,backend/API/Supabase automated
T070,3B,integration automated
T071,3B,integration automated
T072,3B,backend/API/Supabase automated
T073,3B,integration automated
T074,3B,integration automated
T075,3B,integration automated
T076,3B,integration automated
T077,3B,integration automated
T078,3B,integration automated
T079,3B,backend/API/Supabase automated
T080,3B,backend/API/Supabase automated
T081,3B,backend/API/Supabase automated
T082,3B,backend/API/Supabase automated
T083,3B,backend/API/Supabase automated
T084,3B,integration automated
T085,3B,backend/API/Supabase automated
T086,3B,integration automated
T087,3B,integration automated
T088,3B,integration automated
T089,3B,integration automated
T090,3B,real-device/manual only
T091,3B,integration automated
T092,3B,backend/API/Supabase automated
T093,3B,backend/API/Supabase automated
T094,3B,integration automated
T095,3B,integration automated
T096,3B,real-device/manual only
T097,3B,backend/API/Supabase automated
T098,3B,backend/API/Supabase automated
T099,3B,real-device/manual only
T100,3B,real-device/manual only
T101,3B,real-device/manual only
T102,3B,real-device/manual only
T103,3B,real-device/manual only
T104,3B,real-device/manual only
T105,3B,real-device/manual only
T106,3B,backend/API/Supabase automated
T107,3B,real-device/manual only
T108,3B,real-device/manual only
T109,3B,real-device/manual only
T110,3B,real-device/manual only
T111,3B,backend/API/Supabase automated
T112,3B,real-device/manual only
T113,3B,integration automated
T114,3B,backend/API/Supabase automated
T115,3B,integration automated
T116,3B,backend/API/Supabase automated
T117,3B,backend/API/Supabase automated
T118,3B,integration automated
T119,3B,backend/API/Supabase automated
T120,3B,integration automated
T121,3B,real-device/manual only
T122,3B,real-device/manual only
T123,3B,integration automated
T124,3B,real-device/manual only
